{
  "metadata": {
    "timestamp": "20250714_013833",
    "input_file": "20250714_013833",
    "database_path": "../sus_database.db",
    "models_evaluated": [
      "mistral"
    ],
    "total_evaluations": 15
  },
  "statistical_analysis": {
    "descriptive_stats": {
      "total_evaluations": 15,
      "models_count": 1,
      "difficulties": {
        "easy": 8,
        "medium": 4,
        "hard": 3
      },
      "overall_exact_match_rate": 0.26666666666666666,
      "overall_semantic_match_rate": 0.5333333333333333,
      "overall_sql_similarity": 0.7695275338905937
    },
    "model_statistics": {
      "Mistral": {
        "exact_match_mean": 0.267,
        "exact_match_std": 0.458,
        "exact_match_count": "15",
        "semantic_mean": 0.533,
        "sql_similarity_mean": 0.77,
        "execution_time_mean": 11.686
      }
    },
    "difficulty_analysis": {
      "easy": {
        "exact_match_rate": 0.375,
        "semantic_rate": 0.75,
        "sql_similarity": 0.8413238979802448
      },
      "medium": {
        "exact_match_rate": 0.25,
        "semantic_rate": 0.5,
        "sql_similarity": 0.7305194805194806
      },
      "hard": {
        "exact_match_rate": 0.0,
        "semantic_rate": 0.0,
        "sql_similarity": 0.6300813008130081
      }
    },
    "correlations": {
      "sql_similarity": {
        "sql_similarity": 1.0,
        "execution_time": -0.2857641903245586,
        "exact_match": 0.639072523955976,
        "semantic_equivalence": 0.387824714868176,
        "structure_match": 0.639072523955976
      },
      "execution_time": {
        "sql_similarity": -0.2857641903245586,
        "execution_time": 1.0,
        "exact_match": -0.2479971036652129,
        "semantic_equivalence": -0.5099380574358628,
        "structure_match": -0.2479971036652129
      },
      "exact_match": {
        "sql_similarity": 0.639072523955976,
        "execution_time": -0.2479971036652129,
        "exact_match": 1.0,
        "semantic_equivalence": 0.5640760748177661,
        "structure_match": 1.0
      },
      "semantic_equivalence": {
        "sql_similarity": 0.387824714868176,
        "execution_time": -0.5099380574358628,
        "exact_match": 0.5640760748177661,
        "semantic_equivalence": 1.0,
        "structure_match": 0.5640760748177661
      },
      "structure_match": {
        "sql_similarity": 0.639072523955976,
        "execution_time": -0.2479971036652129,
        "exact_match": 1.0,
        "semantic_equivalence": 0.5640760748177661,
        "structure_match": 1.0
      }
    },
    "patterns": {
      "high_similarity_low_match": {
        "count": 6,
        "percentage": 40.0,
        "examples": [
          {
            "query_id": "GT002",
            "model_name": "Mistral",
            "sql_similarity": 0.8666666666666667
          },
          {
            "query_id": "GT005",
            "model_name": "Mistral",
            "sql_similarity": 0.8947368421052632
          },
          {
            "query_id": "GT007",
            "model_name": "Mistral",
            "sql_similarity": 0.7142857142857143
          }
        ]
      },
      "model_variability": {
        "most_variable": {
          "Mistral": 0.22510449516394185
        },
        "most_consistent": {
          "Mistral": 0.22510449516394185
        }
      },
      "difficulty_performance": {
        "easy": 0.75,
        "medium": 0.5,
        "hard": 0.0
      }
    }
  },
  "text_report": "================================================================================\nRELATÓRIO CONSOLIDADO DE AVALIAÇÃO DE MODELOS TEXT2SQL\n================================================================================\nTimestamp: 20250714_013833\nBanco de dados: ../sus_database.db\nTotal de avaliações: 15\n\n📊 ESTATÍSTICAS GERAIS:\n--------------------------------------------------\nTotal de modelos avaliados: 1\nTaxa geral de matches exatos: 26.7%\nTaxa geral de equivalência semântica: 53.3%\nSimilaridade SQL média: 0.770\n\n📈 DISTRIBUIÇÃO POR DIFICULDADE:\n--------------------------------------------------\nEASY: 8 queries\nMEDIUM: 4 queries\nHARD: 3 queries\n\n🏆 RANKING POR EQUIVALÊNCIA SEMÂNTICA:\n--------------------------------------------------\n1. Mistral: 53.3% (8/15)\n\n🎯 RANKING POR MATCHES EXATOS:\n--------------------------------------------------\n1. Mistral: 26.7% (4/15)\n\n🔍 PADRÕES IDENTIFICADOS:\n--------------------------------------------------\nQueries com alta similaridade SQL mas baixo match: 6 (40.0%)\nModelo mais inconsistente: Mistral\nModelo mais consistente: Mistral\n\n💡 RECOMENDAÇÕES:\n--------------------------------------------------\n🏭 Para produção (melhor equivalência semântica): Mistral\n🎯 Para precisão máxima (melhor matches exatos): Mistral\n\n================================================================================",
  "generation_timestamp": "20250714_013833"
}